{
  "input_column": "sector_id",
  "output_column": "sector_te",
  "default_value": 0.0,
  "mapping": {
    "1": 26045.148507462687,
    "2": 11617.597313432836,
    "3": 19225.301333333333,
    "4": 77294.72089552239,
    "5": 1661.2964864864866,
    "6": 31986.217164179103,
    "7": 9946.627761194031,
    "8": 6516.1413432835825,
    "9": 13800.396363636364,
    "10": 22881.09380952381,
    "11": 7062.806865671641,
    "12": 7621.572452830189,
    "13": 27413.021044776116,
    "14": 8274.676949152543,
    "15": 42701.90814814815,
    "16": 27348.136119402985,
    "17": 9096.660877192982,
    "18": 19352.95803030303,
    "19": 1404.1231818181818,
    "20": 32860.83597014925,
    "21": 16277.991666666667,
    "22": 30007.7959375,
    "23": 23873.725000000002,
    "24": 46760.955671641794,
    "25": 42273.86059701493,
    "26": 23817.0825,
    "27": 8080.11619047619,
    "28": 77635.07648148148,
    "29": 24688.129672131145,
    "30": 25121.945074626867,
    "31": 39762.24343283582,
    "32": 123929.35518518518,
    "33": 7382.095652173914,
    "34": 32603.16805970149,
    "35": 21935.81462686567,
    "36": 65776.0691044776,
    "37": 17793.5078125,
    "38": 68349.18641791045,
    "39": 977.1706818181818,
    "40": 10000.354545454546,
    "41": 650.5916666666667,
    "42": 20983.806417910448,
    "43": 36655.701791044776,
    "44": 25814.154736842105,
    "45": 66577.84462686567,
    "46": 12000.824776119403,
    "47": 44227.91686567164,
    "48": 27743.594776119404,
    "49": 634.045909090909,
    "50": 42155.276865671636,
    "51": 62297.98447761194,
    "52": 1461.07,
    "53": 22729.395405405405,
    "54": 52514.338507462686,
    "55": 174430.81731343284,
    "56": 7748.064776119403,
    "57": 38305.39597014925,
    "58": 3097.1621428571425,
    "59": 22622.01910447761,
    "60": 22728.15019607843,
    "61": 54939.87313432836,
    "62": 16218.174833333333,
    "63": 17840.506865671643,
    "64": 5633.028333333334,
    "65": 23622.756153846152,
    "66": 86959.09328125,
    "67": 11344.432537313432,
    "68": 24023.055373134328,
    "69": 4183.890298507463,
    "70": 2022.86223880597,
    "71": 22935.921666666665,
    "72": 2225.913650793651,
    "73": 7490.240192307692,
    "74": 4437.207096774194,
    "75": 2169.4547916666666,
    "76": 14700.645322580645,
    "77": 41033.41074626866,
    "78": 5976.680217391304,
    "79": 68019.6671641791,
    "80": 68219.3006060606,
    "81": 21170.41640625,
    "82": 4123.783333333334,
    "83": 50191.80731343284,
    "84": 11609.16033898305,
    "85": 146959.2514925373,
    "86": 107669.14716417911,
    "87": 509.9266666666667,
    "88": 13467.618656716417,
    "89": 11699.58465116279,
    "90": 4205.857727272727,
    "91": 18698.559552238807,
    "92": 41898.68925373135,
    "93": 48818.8304477612,
    "94": 67053.5343283582,
    "96": 830.691111111111
  },
  "timestamp": "2025-11-02T05:37:09.009517+00:00"
}